File Type,Rigid Body Asset
Version,1
Name,55
ID,75476966223516141
Color,191,255,128
Units,mm
Point,Point 1,16.169001,-12.272400,10.263700,None
Point,Point 2,-0.427538,-14.627100,-23.258099,None
Point,Point 3,12.435100,9.839830,-0.995219,None
Point,Point 4,-23.256199,11.883800,-4.514190,None
Point,Point 5,-4.920330,5.175890,18.503700,None
