File Type,Rigid Body Asset
Version,1
Name,DAU MC
ID,2895659934255682028
Color,127,255,0
Units,mm
Point,Point 1,-51.576202,45.305000,-27.373999,None
Point,Point 2,-31.424801,-61.438797,-23.112099,None
Point,Point 3,83.000900,16.133801,50.486099,None
