File Type,Rigid Body Asset
Version,1
Name,DAU DP
ID,14154855059348984300
Color,146,0,168
Units,mm
Point,Point 1,-53.805298,-0.560105,69.819199,None
Point,Point 2,50.749901,8.835760,18.407200,None
Point,Point 3,3.055270,-8.275660,-88.226303,None
