File Type,Rigid Body Asset
Version,1
Name,ZF DP
ID,17713298058938225132
Color,0,235,255
Units,mm
Point,Point 1,-47.458202,-28.769400,59.960999,None
Point,Point 2,48.273197,-53.164799,-44.176300,None
Point,Point 3,-0.815034,81.934196,-15.784699,None
