File Type,Rigid Body Asset
Version,1
Name,Tracker_52
ID,10553261224763920877
Color,222,0,255
Units,mm
Point,Point 1,-11.453899,26.493198,14.972301,None
Point,Point 2,-10.783299,15.069301,-26.104599,None
Point,Point 3,17.539101,8.518900,-0.255942,None
Point,Point 4,14.588800,-25.033400,-20.559000,None
Point,Point 5,-9.890710,-25.048000,31.947199,None
