File Type,Rigid Body Asset
Version,1
Name,Tracker 53
ID,7654811976882393581
Color,222,0,255
Units,mm
Point,Point 1,-13.461900,-14.775600,18.146799,None
Point,Point 2,-2.297640,6.313000,20.603800,None
Point,Point 3,23.226799,-14.810900,11.664700,None
Point,Point 4,18.965401,19.371399,-23.134600,None
Point,Point 5,-26.432600,3.902110,-27.281000,None
