File Type,Rigid Body Asset
Version,1
Name,FT-Tracker-4
ID,9776388974858605037
Color,255,163,128
Units,mm
Point,Point 1,25.041500,-17.945999,3.145220,None
Point,Point 2,-37.102303,-14.837601,-1.881960,None
Point,Point 3,5.906020,7.282020,-25.488899,None
Point,Point 4,2.199660,6.935780,23.384602,None
Point,Point 5,3.955100,18.565901,0.841081,None
