File Type,Rigid Body Asset
Version,1
Name,M4_gross
ID,10460405045512901101
Color,0,235,255
Units,mm
Point,Point 1,2.444220,-16.079201,-30.583300,None
Point,Point 2,21.001200,11.648700,-0.717700,None
Point,Point 3,17.548901,-13.457199,12.235400,None
Point,Point 4,-29.103001,9.068610,-5.897790,None
Point,Point 5,-11.891300,8.818980,24.963600,None
